<?xml version="1.0" encoding="utf-8"?>

<FrameLayout xmlns:android="http://schemas.android.com/apk/res/android"
    android:layout_width="match_parent"
    android:layout_height="match_parent">

    <ImageView
        android:id="@+id/ivMacIdBg"
        android:layout_width="match_parent"
        android:layout_height="wrap_content"
        android:adjustViewBounds="true"
        />

    <LinearLayout xmlns:android="http://schemas.android.com/apk/res/android"
        xmlns:app="http://schemas.android.com/apk/res-auto"
        android:layout_width="match_parent"
        android:layout_height="match_parent"
        android:background="@color/colorGray"
        android:orientation="vertical">

        <com.google.android.material.appbar.AppBarLayout
            android:layout_width="match_parent"
            android:layout_height="?attr/actionBarSize"
            android:background="@color/colorPrimary"
            app:popupTheme="@style/ThemeOverlay.AppCompat.Light">

            <FrameLayout
                android:layout_width="match_parent"
                android:layout_height="match_parent"
                android:gravity="center"
                android:orientation="horizontal">


                <LinearLayout
                    android:id="@+id/llSLCBack"
                    android:layout_width="100dp"
                    android:layout_height="match_parent">

                    <Button
                        android:id="@+id/btnSLCBack"
                        android:layout_width="25dp"
                        android:layout_height="25dp"
                        android:layout_gravity="left|center"
                        android:layout_marginLeft="16dp"
                        android:background="@drawable/left_arrow"
                        android:visibility="visible" />


                    <TextView
                        android:layout_width="wrap_content"
                        android:layout_height="match_parent"
                        android:textSize="16sp"
                        android:text="@string/scan"
                        android:textColor="@color/colorWhite"
                        android:gravity="center"
                        android:layout_marginLeft="5dp"



                        />

                </LinearLayout>

                <TextView
                    android:id="@+id/tbTitleLine1"
                    android:layout_width="match_parent"
                    android:layout_height="match_parent"
                    android:layout_weight="1"
                    android:gravity="center"
                    android:text="@string/confirm"
                    android:textColor="@color/colorWhite"
                    android:textSize="18sp"
                    android:textStyle="bold"
                    />
            </FrameLayout>
        </com.google.android.material.appbar.AppBarLayout>

        <LinearLayout
            android:layout_width="match_parent"
            android:layout_height="match_parent"
            android:gravity="center"
            android:orientation="vertical">

            <TextView
                android:layout_width="wrap_content"
                android:layout_height="wrap_content"

                android:layout_marginBottom="15dp"
                android:gravity="center"
                android:text="@string/confirm_mac"
                android:textColor="@color/colorWhite"
                android:textSize="22dp"
                android:textStyle="bold"

                />

            <LinearLayout
                android:layout_width="match_parent"
                android:layout_height="wrap_content"
                android:gravity="center"
                android:orientation="vertical">

                <EditText
                    android:id="@+id/etMacId"
                    android:layout_width="300dp"
                    android:layout_height="wrap_content"
                    android:layout_weight="1"
                    android:background="@drawable/bg_edittextbox"
                    android:gravity="center"
                    android:padding="15dp"
                    android:textSize="18dp" />
                <TextView
                    android:id="@+id/tvError"
                    android:layout_width="wrap_content"
                    android:layout_height="wrap_content"
                    android:textColor="@color/colorRed" />
            </LinearLayout>
            <LinearLayout
                android:layout_width="match_parent"
                android:layout_height="wrap_content"
                android:gravity="center">

                <ImageView
                    android:id="@+id/ivCancle"
                    android:layout_width="125dp"
                    android:layout_height="60dp"
                    android:layout_marginBottom="5dp"

                    android:gravity="center"
                    android:src="@drawable/cancel"

                    />

                <ImageView
                    android:id="@+id/ivConfirm"
                    android:layout_width="125dp"
                    android:layout_height="60dp"
                    android:layout_marginBottom="5dp"

                    android:layout_marginLeft="10dp"
                    android:gravity="center"
                    android:src="@drawable/confirm" />

            </LinearLayout>

        </LinearLayout>


    </LinearLayout>
</FrameLayout>